crop_px,background,aeroplane,bicycle,bird,boat,bottle,bus,car,cat,chair,cow,diningtable,dog,horse,motorbike,person,pottedplant,sheep,sofa,train,tvmonitor,mAP
0,nan,0.025248351675869765,0.016071509818392934,0.008388705567136778,0.009567335523360976,0.0023313350526017788,0.015579509937002117,0.01903034715505742,0.053732258161982405,0.0013123545196410376,0.013030564111506047,0.0270218471594428,0.03069735701297715,0.009246084701040849,0.02296504890991808,0.014945851889964955,0.004964075938759507,0.0024341456271015946,0.010042698653662441,0.034955411287283536,0.0021745868176754985,0.016186968976018883
10,nan,0.04043206402870315,0.03662440538349203,0.032652109248618416,0.024207558955687197,0.012926193544167434,0.05752351228531443,0.06817509445260009,0.13769070848471573,0.0025437363894346694,0.02566098589285221,0.046616531926135185,0.09741888033875387,0.0317647326716086,0.044143002666664634,0.030294194278141895,0.010131249761556804,0.007195928657611989,0.03211605754172758,0.11533567228887733,0.012751571884976281,0.04331020953408197
20,nan,0.07126338123761268,0.079258323921579,0.06697043405571418,0.053092700624354124,0.010334880248277247,0.13465930164564222,0.1195877744641165,0.21023237767316993,0.0049200375622579584,0.06402217489957297,0.07735831556336066,0.1905266727480585,0.07050844094091473,0.09992820572633537,0.05615967619562655,0.021847186665607147,0.01732453682276641,0.06090454299966776,0.17101735385932887,0.013735011102499787,0.07968256644782312
30,nan,0.10621926783068317,0.11293516947360023,0.11749844687410368,0.08421368455277262,0.022390722444393503,0.20157832738840695,0.14918905434110344,0.2691123739693717,0.010264385290202734,0.09428221044873389,0.09119554385085848,0.23846934629135974,0.08504010419166692,0.14238409516178788,0.08219406660615536,0.039955512204464264,0.022446068237628448,0.0907453727822244,0.241599756291581,0.024784233353158484,0.11132488707921284
40,nan,0.21661973689526942,0.1431254912630623,0.16120850812773924,0.10813831170996123,0.0350660861826651,0.2501973484412488,0.20291612155542427,0.3653325996263368,0.013967041737984222,0.10931245274665691,0.13479735754940217,0.30839535022410614,0.15368136183734263,0.2079294337960938,0.11251381661653573,0.05102417978948988,0.02757520775406078,0.1422156935775067,0.32028078088349177,0.033500918273329634,0.15488988992938535
50,nan,0.31985523461809495,0.17587461029125576,0.19712902723779047,0.14959694906663146,0.03580998723374045,0.37023768996671735,0.24113093656029927,0.4547293875927492,0.020312887072244486,0.1344084733299049,0.1690746763457276,0.38113826264777806,0.2659141903021772,0.2609117649124831,0.14587198510821245,0.0698436117189879,0.05994951655207353,0.19345152492986367,0.38698804180021357,0.042699053302985845,0.20374639052949656
60,nan,0.37386166694782297,0.20782616981768703,0.2274503629132671,0.1938467389341898,0.058907716784653195,0.37212068579536606,0.28752998862850326,0.5292645913812267,0.03347895674274311,0.15443298564215577,0.1917463964543248,0.4297449976751554,0.3068480955515259,0.31581060035737774,0.1822463903957149,0.08017839290495347,0.08144438220738297,0.20463017758546687,0.4373801639729301,0.10317224020701338,0.23859608504497304
70,nan,0.38713746478645605,0.2429741041259057,0.33052850271030204,0.21462159393275876,0.06559552287781911,0.3933202974811728,0.31799720913658336,0.5825286666868228,0.04400793703506166,0.20451552327386982,0.23930261829369268,0.4985047066818422,0.38479910656342164,0.3705925562852853,0.21693693706810685,0.1038045752336704,0.13339277052293752,0.29618156032912657,0.48641871502649936,0.1589689588875204,0.2836064663469428
80,nan,0.44315153577778066,0.30734398390565154,0.37280788794366415,0.2892804274531659,0.06826720538714798,0.4660858209981739,0.3790404974805087,0.6593295619319977,0.06831458822378139,0.22688715407645235,0.26284550010444807,0.565504064303999,0.46239369201857367,0.3971462915672618,0.2595624179939239,0.11815977749073689,0.16009322139276483,0.337366767438672,0.5365254146129645,0.22301833259782328,0.3301562071349746
90,nan,0.47450850011254037,0.36071018594396653,0.4490918530582969,0.3609415135948354,0.08506213333176023,0.4804005620241997,0.4148693352116736,0.6890293582023428,0.10924065392580998,0.3142025158061012,0.2825530173591183,0.6037621443701366,0.5037655401272276,0.4342890076218048,0.31155236972294587,0.15417772227528567,0.2722109415361868,0.3707202669566042,0.5565800725388782,0.30984958736158774,0.37687586405406515
100,nan,0.4933011533044257,0.4121786520822557,0.4837503962103874,0.4000834807165078,0.11894686142250405,0.5163609105227727,0.4642632611724391,0.7203941253668584,0.16042937428932602,0.4076242025820612,0.29536526603338215,0.6419163896415198,0.5551959265160384,0.49633102803591606,0.3673912362703233,0.16648821430014596,0.31763597037571145,0.434928793818094,0.5683417180384481,0.4078206925446326,0.4214373826621875
110,nan,0.5260377791293583,0.47826757554165467,0.49957901144702166,0.4247205337576787,0.12140992593070402,0.5622984072756658,0.5030945745094215,0.7471050511413229,0.19455101653573548,0.41366577904838325,0.3639130776869603,0.6671909079671067,0.583879168706692,0.5146659280033121,0.4064589653359949,0.20360371987624973,0.38339348562784065,0.44624996053347743,0.5776556684216829,0.4890573955148143,0.4553398965995538
120,nan,0.5628065099144709,0.5248702820807907,0.5439050894464597,0.4320430616004567,0.1421037584025196,0.5651874475815,0.5302806082043761,0.7580955163676382,0.25628969675124175,0.47273984863907553,0.38899438470189396,0.6784251230509641,0.6155188225923967,0.5810198028035406,0.4428551907565545,0.22297864674672307,0.4015364507020283,0.5131238372591583,0.5853001830733362,0.5246504764840362,0.487136236857958
130,nan,0.568538431106855,0.6025358551117426,0.5605421589699073,0.43750161605923,0.16935753096919082,0.5705045689728886,0.5635921797876976,0.7688578128468193,0.3025258194580771,0.49951422928591394,0.4806119275750376,0.7076394134222926,0.6348748194521909,0.5931274447387295,0.4823870248064184,0.23905847539447175,0.4599895546767201,0.5398799235065699,0.6149669423761822,0.5634482351581168,0.5179726981837526
140,nan,0.605689982894605,0.6587948806277808,0.6120052785826161,0.512331489109581,0.2185815177862329,0.6572654563774529,0.6184840776271462,0.7829372179007585,0.3723343768421069,0.5611250709887009,0.5503220872803396,0.722716020480898,0.6923040405504629,0.6751375019860251,0.5308118324612301,0.30902925243625895,0.5231038271752273,0.5264075078158126,0.6349662079834757,0.6222634636543024,0.5693305545280507
150,nan,0.605689982894605,0.6587948806277808,0.6120052785826161,0.512331489109581,0.2185815177862329,0.6572654563774529,0.6184840776271462,0.7829372179007585,0.3723343768421069,0.5611250709887009,0.5503220872803396,0.722716020480898,0.6923040405504629,0.6751375019860251,0.5308118324612301,0.30902925243625895,0.5231038271752273,0.5264075078158126,0.6349662079834757,0.6222634636543024,0.5693305545280507
160,nan,0.6209734763594811,0.7101226801896587,0.5995344282669763,0.5423214990288927,0.23238385232622086,0.6719233278606338,0.6424437687475947,0.7987908887008606,0.39277631953262626,0.5677548428794854,0.5590051272158847,0.7516707928759548,0.714959661409146,0.6847487928660705,0.5581306080475552,0.3057319874703488,0.540785346137408,0.5429500425518115,0.6359478929085878,0.6517391448407285,0.5862347240107965
170,nan,0.6379313387347101,0.7085405616355318,0.627401966070154,0.5473916831867831,0.25275449045005455,0.6782495033582535,0.6646919529205613,0.80492777875873,0.398658349543616,0.6235166349007317,0.5696998895292145,0.7522511961650464,0.7277871516087635,0.7017768855876629,0.5744315584685762,0.3168676575485873,0.5696774062203311,0.555216664312143,0.6731002584305861,0.6583829576868724,0.6021627942558453
180,nan,0.6392829267711064,0.7302058538895216,0.6353658991252402,0.5359397083872592,0.29532737513844165,0.7198391129679378,0.6795383530364083,0.7988163352340146,0.425782164460702,0.6329621046954819,0.5813757486745661,0.7551964911488913,0.726006602634586,0.729340472548899,0.601897997359922,0.33348144411333014,0.5785479589745215,0.5927334144191935,0.6813503225777111,0.6743134510181912,0.6173651868587962
190,nan,0.649317433680723,0.7354513760323038,0.6439044608438159,0.555016703416593,0.2927141486862496,0.7063088008950684,0.6835883370893672,0.8063527054602712,0.44317622760872183,0.6307984080997707,0.6010013139782102,0.7563837752328462,0.7456085613902683,0.7301795444612926,0.6020212483047316,0.3477878928128014,0.5686831531876259,0.6003753729805277,0.6772889821862321,0.7014315715874688,0.6238695008967445
200,nan,0.6468212961377,0.7625466232233676,0.6514968109448652,0.5557151879499158,0.3092377424683658,0.7591478240142344,0.6914528763997495,0.8049743125156983,0.44571243187314563,0.639996465990634,0.6052530514649173,0.7593685780752735,0.7560383196235332,0.7196918603209019,0.6146606533291198,0.35357197268071267,0.5783006670498669,0.6263419717962115,0.6848610554932468,0.7054085183611493,0.6335299109856305
no_crop,nan,0.6607678180228989,0.7687922370649152,0.6573097302736618,0.5724268532948023,0.3604495000446508,0.7958582691857575,0.722410431731197,0.8085195317436816,0.4829792010805688,0.6976445439951151,0.6170711913314408,0.775169504013587,0.75791166000613,0.7406059091426787,0.6563641757536898,0.3715156868597218,0.5999971857074164,0.6419986708554843,0.6932602447725438,0.7110538829260241,0.6546053113902983
